{"cameraMode":{"drawMode":0,"name":"Shaded","section":"Shading Mode"},"sceneLighting":false,"audioPlay":false,"sceneViewState":{"showFog":false,"showMaterialUpdate":false,"showSkybox":false,"showFlares":false,"showImageEffects":false,"showParticleSystems":false},"in2DMode":false,"pivot":{"x":0.1477365493774414,"y":49.22188186645508,"z":1.1349453926086426},"rotation":{"x":-0.2052454799413681,"y":0.6744490265846252,"z":-0.20375847816467286,"w":-0.6793491840362549},"size":41.88113021850586,"orthographic":false}