{"cameraMode":{"drawMode":0,"name":"Shaded","section":"Shading Mode"},"sceneLighting":false,"audioPlay":false,"sceneViewState":{"showFog":false,"showMaterialUpdate":false,"showSkybox":false,"showFlares":false,"showImageEffects":false,"showParticleSystems":false},"in2DMode":false,"pivot":{"x":-7.283085823059082,"y":2.8024561405181886,"z":-2.6935853958129885},"rotation":{"x":-0.0221535824239254,"y":0.9729501605033875,"z":-0.1054891049861908,"w":-0.20432747900485993},"size":13.087596893310547,"orthographic":false}