{"cameraMode":{"drawMode":0,"name":"Shaded","section":"Shading Mode"},"sceneLighting":false,"audioPlay":false,"sceneViewState":{"showFog":false,"showMaterialUpdate":false,"showSkybox":false,"showFlares":false,"showImageEffects":false,"showParticleSystems":false},"in2DMode":false,"pivot":{"x":0.14360284805297852,"y":0.4916350841522217,"z":-2.178196668624878},"rotation":{"x":-0.0630592405796051,"y":-0.899108350276947,"z":0.13809414207935334,"w":-0.410599023103714},"size":6.0795512199401859,"orthographic":false}