{"cameraMode":{"drawMode":0,"name":"Shaded","section":"Shading Mode"},"sceneLighting":false,"audioPlay":false,"sceneViewState":{"showFog":false,"showMaterialUpdate":false,"showSkybox":false,"showFlares":false,"showImageEffects":false,"showParticleSystems":false},"in2DMode":false,"pivot":{"x":-0.6000343561172485,"y":-3.135380744934082,"z":-0.9427556991577148},"rotation":{"x":-0.3163662850856781,"y":0.007390172220766544,"z":-0.00242111855186522,"w":-0.948637843132019},"size":5.991768836975098,"orthographic":false}