{"cameraMode":{"drawMode":0,"name":"Shaded","section":"Shading Mode"},"sceneLighting":false,"audioPlay":false,"sceneViewState":{"showFog":false,"showMaterialUpdate":false,"showSkybox":false,"showFlares":false,"showImageEffects":false,"showParticleSystems":false},"in2DMode":false,"pivot":{"x":-1.3559767007827759,"y":-0.1855926513671875,"z":1.8025274276733399},"rotation":{"x":-0.13544237613677979,"y":0.6946181058883667,"z":-0.1356722116470337,"w":-0.6933961510658264},"size":3.3628737926483156,"orthographic":false}