{"cameraMode":{"drawMode":0,"name":"Shaded","section":"Shading Mode"},"sceneLighting":false,"audioPlay":false,"sceneViewState":{"showFog":false,"showMaterialUpdate":false,"showSkybox":false,"showFlares":false,"showImageEffects":false,"showParticleSystems":false},"in2DMode":false,"pivot":{"x":-16.932640075683595,"y":9.34616470336914,"z":-29.527212142944337},"rotation":{"x":0.2971353232860565,"y":0.6583794951438904,"z":-0.318762868642807,"w":0.6137083768844605},"size":54.38828659057617,"orthographic":false}