{"cameraMode":{"drawMode":0,"name":"Shaded","section":"Shading Mode"},"sceneLighting":false,"audioPlay":false,"sceneViewState":{"showFog":false,"showMaterialUpdate":false,"showSkybox":false,"showFlares":false,"showImageEffects":false,"showParticleSystems":false},"in2DMode":false,"pivot":{"x":11.31908893585205,"y":0.07800006866455078,"z":-1.9896095991134644},"rotation":{"x":-0.18686071038246156,"y":0.6347358226776123,"z":-0.1620020568370819,"w":-0.7321107983589172},"size":5.843769550323486,"orthographic":false}