{"cameraMode":{"drawMode":0,"name":"Shaded","section":"Shading Mode"},"sceneLighting":false,"audioPlay":false,"sceneViewState":{"showFog":false,"showMaterialUpdate":false,"showSkybox":false,"showFlares":false,"showImageEffects":false,"showParticleSystems":false},"in2DMode":false,"pivot":{"x":-9.18149185180664,"y":0.601043701171875,"z":-36.24999237060547},"rotation":{"x":-0.18686071038246156,"y":0.6347358226776123,"z":-0.1620020568370819,"w":-0.7321107983589172},"size":63.31401062011719,"orthographic":false}