{"cameraMode":{"drawMode":0,"name":"Shaded","section":"Shading Mode"},"sceneLighting":false,"audioPlay":false,"sceneViewState":{"showFog":false,"showMaterialUpdate":false,"showSkybox":false,"showFlares":false,"showImageEffects":false,"showParticleSystems":false},"in2DMode":false,"pivot":{"x":-0.9810471534729004,"y":1.5889308452606202,"z":-1.2177348136901856},"rotation":{"x":-0.030987421050667764,"y":0.9538328647613525,"z":-0.10572744160890579,"w":-0.27946895360946658},"size":8.162500381469727,"orthographic":false}