{"cameraMode":{"drawMode":0,"name":"Shaded","section":"Shading Mode"},"sceneLighting":false,"audioPlay":false,"sceneViewState":{"showFog":false,"showMaterialUpdate":false,"showSkybox":false,"showFlares":false,"showImageEffects":false,"showParticleSystems":false},"in2DMode":false,"pivot":{"x":-5.9114274978637699,"y":-1.1451530456542969,"z":-3.204815149307251},"rotation":{"x":0.19077326357364655,"y":-0.7309128642082214,"z":0.2268173098564148,"w":0.6147599220275879},"size":15.163915634155274,"orthographic":false}