{"cameraMode":{"drawMode":0,"name":"Shaded","section":"Shading Mode"},"sceneLighting":false,"audioPlay":false,"sceneViewState":{"showFog":false,"showMaterialUpdate":false,"showSkybox":false,"showFlares":false,"showImageEffects":false,"showParticleSystems":false},"in2DMode":false,"pivot":{"x":-13.070228576660157,"y":-38.38896942138672,"z":39.33163070678711},"rotation":{"x":0.37547051906585696,"y":-0.4778922200202942,"z":0.2367124706506729,"w":0.7580339908599854},"size":171.11363220214845,"orthographic":false}