{"cameraMode":{"drawMode":0,"name":"Shaded","section":"Shading Mode"},"sceneLighting":false,"audioPlay":false,"sceneViewState":{"showFog":false,"showMaterialUpdate":false,"showSkybox":false,"showFlares":false,"showImageEffects":false,"showParticleSystems":false},"in2DMode":false,"pivot":{"x":3.962810516357422,"y":-7.865627288818359,"z":-2.625032901763916},"rotation":{"x":-0.18686071038246156,"y":0.6347358226776123,"z":-0.1620020568370819,"w":-0.7321107983589172},"size":28.155393600463868,"orthographic":false}