{"cameraMode":{"drawMode":0,"name":"Shaded","section":"Shading Mode"},"sceneLighting":false,"audioPlay":false,"sceneViewState":{"showFog":false,"showMaterialUpdate":false,"showSkybox":false,"showFlares":false,"showImageEffects":false,"showParticleSystems":false},"in2DMode":false,"pivot":{"x":14.776351928710938,"y":18.315818786621095,"z":77.68671417236328},"rotation":{"x":-0.09656253457069397,"y":0.6306159496307373,"z":-0.0794885978102684,"w":-0.76597660779953},"size":284.79376220703127,"orthographic":false}