{"cameraMode":{"drawMode":0,"name":"Shaded","section":"Shading Mode"},"sceneLighting":false,"audioPlay":false,"sceneViewState":{"showFog":false,"showMaterialUpdate":false,"showSkybox":false,"showFlares":false,"showImageEffects":false,"showParticleSystems":false},"in2DMode":false,"pivot":{"x":-0.017467498779296876,"y":0.9016332626342773,"z":2.3143625259399416},"rotation":{"x":-0.1848878115415573,"y":0.4901330769062042,"z":-0.10723800957202912,"w":-0.8450396060943604},"size":7.540760517120361,"orthographic":false}